{
  "project_info": {
    "project_number": "834784682348",
    "project_id": "taxi-2cc43",
    "storage_bucket": "taxi-2cc43.appspot.com"
  },
  "client": [
    {
      "client_info": {
        "mobilesdk_app_id": "1:834784682348:android:de3a643571c6abe0341349",
        "android_client_info": {
          "package_name": "com.example.taxiapp"
        }
      },
      "oauth_client": [
        {
          "client_id": "834784682348-vbfe2qetp5ajdd7rbg9ttnjtb581unhj.apps.googleusercontent.com",
          "client_type": 1,
          "android_info": {
            "package_name": "com.example.taxiapp",
            "certificate_hash": "b259821d768a882a8d7f1a55afededf7aae5b878"
          }
        },
        {
          "client_id": "834784682348-rilpmgdf16jrm9ggkvjp3ppdjakekio3.apps.googleusercontent.com",
          "client_type": 3
        }
      ],
      "api_key": [
        {
          "current_key": "AIzaSyB7-ZvXoFoiwaT2R9rjEj9kdanyuskDX94"
        }
      ],
      "services": {
        "appinvite_service": {
          "other_platform_oauth_client": [
            {
              "client_id": "834784682348-rilpmgdf16jrm9ggkvjp3ppdjakekio3.apps.googleusercontent.com",
              "client_type": 3
            }
          ]
        }
      }
    }
  ],
  "configuration_version": "1"
}